timestamp,vantage_point,category,target,target_ip,protocol,port,num_hops,success,duration_seconds,hop_num,hop_ip,hop_rtt_avg
2025-10-13T16:04:36.860662,university,government_central,motc.gov.tw,210.69.99.1,icmp,,11,False,9.24,2,140.123.103.250,2.44
2025-10-13T16:04:36.860662,university,government_central,motc.gov.tw,210.69.99.1,icmp,,11,False,9.24,3,140.123.9.249,2.09
2025-10-13T16:04:36.860662,university,government_central,motc.gov.tw,210.69.99.1,icmp,,11,False,9.24,4,140.123.0.246,2.85
2025-10-13T16:04:36.860662,university,government_central,motc.gov.tw,210.69.99.1,icmp,,11,False,9.24,5,140.130.252.251,3.16
2025-10-13T16:04:36.860662,university,government_central,motc.gov.tw,210.69.99.1,icmp,,11,False,9.24,6,192.192.61.142,5.15
2025-10-13T16:04:36.860662,university,government_central,motc.gov.tw,210.69.99.1,icmp,,11,False,9.24,7,192.192.61.9,6.04
2025-10-13T16:04:36.860662,university,government_central,motc.gov.tw,210.69.99.1,icmp,,11,False,9.24,8,192.192.61.30,6.08
2025-10-13T16:04:36.860662,university,government_central,motc.gov.tw,210.69.99.1,icmp,,11,False,9.24,9,192.192.61.4,7.54
2025-10-13T16:04:36.860662,university,government_central,motc.gov.tw,210.69.99.1,icmp,,11,False,9.24,10,192.192.61.209,6.01
2025-10-13T16:04:36.860662,university,government_central,motc.gov.tw,210.69.99.1,icmp,,11,False,9.24,11,*,
2025-10-13T16:04:36.860662,university,government_central,motc.gov.tw,210.69.99.1,icmp,,11,False,9.24,12,10.96.81.12,12.47
2025-10-13T16:04:46.147434,university,government_central,mohw.gov.tw,203.65.99.200,icmp,,9,False,3.15,2,140.123.103.250,2.1
2025-10-13T16:04:46.147434,university,government_central,mohw.gov.tw,203.65.99.200,icmp,,9,False,3.15,3,140.123.9.249,2.22
2025-10-13T16:04:46.147434,university,government_central,mohw.gov.tw,203.65.99.200,icmp,,9,False,3.15,4,140.123.0.246,3.36
2025-10-13T16:04:46.147434,university,government_central,mohw.gov.tw,203.65.99.200,icmp,,9,False,3.15,5,140.130.252.251,3.68
2025-10-13T16:04:46.147434,university,government_central,mohw.gov.tw,203.65.99.200,icmp,,9,False,3.15,6,192.192.61.142,4.84
2025-10-13T16:04:46.147434,university,government_central,mohw.gov.tw,203.65.99.200,icmp,,9,False,3.15,7,192.192.61.37,6.49
2025-10-13T16:04:46.147434,university,government_central,mohw.gov.tw,203.65.99.200,icmp,,9,False,3.15,8,192.192.61.32,7.51
2025-10-13T16:04:46.147434,university,government_central,mohw.gov.tw,203.65.99.200,icmp,,9,False,3.15,9,192.192.61.209,7.28
2025-10-13T16:04:46.147434,university,government_central,mohw.gov.tw,203.65.99.200,icmp,,9,False,3.15,10,10.96.81.12,9.02
2025-10-13T16:05:19.807076,university,government_critical,npa.gov.tw,210.69.154.130,icmp,,10,False,3.18,2,140.123.103.250,2.54
2025-10-13T16:05:19.807076,university,government_critical,npa.gov.tw,210.69.154.130,icmp,,10,False,3.18,3,140.123.9.249,2.58
2025-10-13T16:05:19.807076,university,government_critical,npa.gov.tw,210.69.154.130,icmp,,10,False,3.18,4,140.123.0.246,3.26
2025-10-13T16:05:19.807076,university,government_critical,npa.gov.tw,210.69.154.130,icmp,,10,False,3.18,5,140.130.252.251,4.25
2025-10-13T16:05:19.807076,university,government_critical,npa.gov.tw,210.69.154.130,icmp,,10,False,3.18,6,192.192.61.142,5.65
2025-10-13T16:05:19.807076,university,government_critical,npa.gov.tw,210.69.154.130,icmp,,10,False,3.18,7,192.192.61.9,5.77
2025-10-13T16:05:19.807076,university,government_critical,npa.gov.tw,210.69.154.130,icmp,,10,False,3.18,8,192.192.61.30,6.63
2025-10-13T16:05:19.807076,university,government_critical,npa.gov.tw,210.69.154.130,icmp,,10,False,3.18,9,192.192.61.4,9.22
2025-10-13T16:05:19.807076,university,government_critical,npa.gov.tw,210.69.154.130,icmp,,10,False,3.18,10,192.192.61.209,6.34
2025-10-13T16:05:19.807076,university,government_critical,npa.gov.tw,210.69.154.130,icmp,,10,False,3.18,11,10.96.81.12,7.56
2025-10-13T16:05:32.184404,university,government_critical,judicial.gov.tw,210.69.124.205,icmp,,10,False,3.17,2,140.123.103.250,2.96
2025-10-13T16:05:32.184404,university,government_critical,judicial.gov.tw,210.69.124.205,icmp,,10,False,3.17,3,140.123.9.249,3.43
2025-10-13T16:05:32.184404,university,government_critical,judicial.gov.tw,210.69.124.205,icmp,,10,False,3.17,4,140.123.0.246,3.06
2025-10-13T16:05:32.184404,university,government_critical,judicial.gov.tw,210.69.124.205,icmp,,10,False,3.17,5,140.130.252.251,3.82
2025-10-13T16:05:32.184404,university,government_critical,judicial.gov.tw,210.69.124.205,icmp,,10,False,3.17,6,192.192.61.142,5.06
2025-10-13T16:05:32.184404,university,government_critical,judicial.gov.tw,210.69.124.205,icmp,,10,False,3.17,7,192.192.61.9,5.04
2025-10-13T16:05:32.184404,university,government_critical,judicial.gov.tw,210.69.124.205,icmp,,10,False,3.17,8,192.192.61.30,6.07
2025-10-13T16:05:32.184404,university,government_critical,judicial.gov.tw,210.69.124.205,icmp,,10,False,3.17,9,192.192.61.4,7.62
2025-10-13T16:05:32.184404,university,government_critical,judicial.gov.tw,210.69.124.205,icmp,,10,False,3.17,10,192.192.61.209,6.5
2025-10-13T16:05:32.184404,university,government_critical,judicial.gov.tw,210.69.124.205,icmp,,10,False,3.17,11,10.96.81.12,11.68
2025-10-13T16:05:50.502970,university,government_critical,cib.gov.tw,210.69.153.27,icmp,,11,False,15.2,2,140.123.103.250,2.24
2025-10-13T16:05:50.502970,university,government_critical,cib.gov.tw,210.69.153.27,icmp,,11,False,15.2,3,140.123.9.249,2.23
2025-10-13T16:05:50.502970,university,government_critical,cib.gov.tw,210.69.153.27,icmp,,11,False,15.2,4,140.123.0.246,3.39
2025-10-13T16:05:50.502970,university,government_critical,cib.gov.tw,210.69.153.27,icmp,,11,False,15.2,5,140.130.252.251,3.67
2025-10-13T16:05:50.502970,university,government_critical,cib.gov.tw,210.69.153.27,icmp,,11,False,15.2,6,192.192.61.142,5.22
2025-10-13T16:05:50.502970,university,government_critical,cib.gov.tw,210.69.153.27,icmp,,11,False,15.2,7,192.192.61.37,7.1
2025-10-13T16:05:50.502970,university,government_critical,cib.gov.tw,210.69.153.27,icmp,,11,False,15.2,8,192.192.61.32,7.93
2025-10-13T16:05:50.502970,university,government_critical,cib.gov.tw,210.69.153.27,icmp,,11,False,15.2,9,192.192.61.209,7.62
2025-10-13T16:05:50.502970,university,government_critical,cib.gov.tw,210.69.153.27,icmp,,11,False,15.2,10,10.96.81.12,9.0
2025-10-13T16:05:50.502970,university,government_critical,cib.gov.tw,210.69.153.27,icmp,,11,False,15.2,11,10.96.81.12,9.58
2025-10-13T16:05:50.502970,university,government_critical,cib.gov.tw,210.69.153.27,icmp,,11,False,15.2,12,10.96.81.12,9.47
2025-10-13T16:05:56.784212,university,government_critical,hpa.gov.tw,210.241.78.16,icmp,,10,False,3.23,2,140.123.103.250,10.8
2025-10-13T16:05:56.784212,university,government_critical,hpa.gov.tw,210.241.78.16,icmp,,10,False,3.23,3,140.123.9.249,4.63
2025-10-13T16:05:56.784212,university,government_critical,hpa.gov.tw,210.241.78.16,icmp,,10,False,3.23,4,140.123.0.246,2.93
2025-10-13T16:05:56.784212,university,government_critical,hpa.gov.tw,210.241.78.16,icmp,,10,False,3.23,5,140.130.252.251,4.79
2025-10-13T16:05:56.784212,university,government_critical,hpa.gov.tw,210.241.78.16,icmp,,10,False,3.23,6,192.192.61.142,5.93
2025-10-13T16:05:56.784212,university,government_critical,hpa.gov.tw,210.241.78.16,icmp,,10,False,3.23,7,192.192.61.9,5.68
2025-10-13T16:05:56.784212,university,government_critical,hpa.gov.tw,210.241.78.16,icmp,,10,False,3.23,8,192.192.61.30,6.37
2025-10-13T16:05:56.784212,university,government_critical,hpa.gov.tw,210.241.78.16,icmp,,10,False,3.23,9,192.192.61.4,8.66
2025-10-13T16:05:56.784212,university,government_critical,hpa.gov.tw,210.241.78.16,icmp,,10,False,3.23,10,192.192.61.209,6.48
2025-10-13T16:05:56.784212,university,government_critical,hpa.gov.tw,210.241.78.16,icmp,,10,False,3.23,11,10.96.81.12,8.4
2025-10-13T16:06:03.011966,university,government_critical,cdc.gov.tw,61.57.41.148,icmp,,10,False,3.16,2,140.123.103.250,2.76
2025-10-13T16:06:03.011966,university,government_critical,cdc.gov.tw,61.57.41.148,icmp,,10,False,3.16,3,140.123.9.249,2.33
2025-10-13T16:06:03.011966,university,government_critical,cdc.gov.tw,61.57.41.148,icmp,,10,False,3.16,4,140.123.0.246,3.29
2025-10-13T16:06:03.011966,university,government_critical,cdc.gov.tw,61.57.41.148,icmp,,10,False,3.16,5,140.130.252.251,3.31
2025-10-13T16:06:03.011966,university,government_critical,cdc.gov.tw,61.57.41.148,icmp,,10,False,3.16,6,192.192.61.142,5.23
2025-10-13T16:06:03.011966,university,government_critical,cdc.gov.tw,61.57.41.148,icmp,,10,False,3.16,7,192.192.61.9,5.02
2025-10-13T16:06:03.011966,university,government_critical,cdc.gov.tw,61.57.41.148,icmp,,10,False,3.16,8,192.192.61.30,5.81
2025-10-13T16:06:03.011966,university,government_critical,cdc.gov.tw,61.57.41.148,icmp,,10,False,3.16,9,192.192.61.4,7.35
2025-10-13T16:06:03.011966,university,government_critical,cdc.gov.tw,61.57.41.148,icmp,,10,False,3.16,10,192.192.61.209,6.27
2025-10-13T16:06:03.011966,university,government_critical,cdc.gov.tw,61.57.41.148,icmp,,10,False,3.16,11,10.96.81.12,7.72
2025-10-13T16:10:24.792575,university,universities,ncku.edu.tw,140.116.229.1,icmp,,8,True,0.26,2,140.123.103.250,2.17
2025-10-13T16:10:24.792575,university,universities,ncku.edu.tw,140.116.229.1,icmp,,8,True,0.26,3,140.123.9.249,2.51
2025-10-13T16:10:24.792575,university,universities,ncku.edu.tw,140.116.229.1,icmp,,8,True,0.26,4,140.123.0.246,3.24
2025-10-13T16:10:24.792575,university,universities,ncku.edu.tw,140.116.229.1,icmp,,8,True,0.26,5,211.79.57.25,4.31
2025-10-13T16:10:24.792575,university,universities,ncku.edu.tw,140.116.229.1,icmp,,8,True,0.26,6,211.73.76.209,5.17
2025-10-13T16:10:24.792575,university,universities,ncku.edu.tw,140.116.229.1,icmp,,8,True,0.26,7,211.73.76.214,5.96
2025-10-13T16:10:24.792575,university,universities,ncku.edu.tw,140.116.229.1,icmp,,8,True,0.26,8,211.79.56.26,50.2
2025-10-13T16:10:24.792575,university,universities,ncku.edu.tw,140.116.229.1,icmp,,8,True,0.26,9,140.116.229.1,6.1
2025-10-13T16:10:30.983425,university,universities,ccu.edu.tw,140.123.1.2,icmp,,5,True,0.07,2,140.123.103.250,2.26
2025-10-13T16:10:30.983425,university,universities,ccu.edu.tw,140.123.1.2,icmp,,5,True,0.07,3,140.123.9.249,2.24
2025-10-13T16:10:30.983425,university,universities,ccu.edu.tw,140.123.1.2,icmp,,5,True,0.07,4,140.123.0.246,2.98
2025-10-13T16:10:30.983425,university,universities,ccu.edu.tw,140.123.1.2,icmp,,5,True,0.07,5,140.130.252.251,4.11
2025-10-13T16:10:30.983425,university,universities,ccu.edu.tw,140.123.1.2,icmp,,5,True,0.07,6,140.123.1.2,3.63
2025-10-13T16:10:46.560834,university,universities,cycu.edu.tw,140.135.201.3,icmp,,11,True,0.21,2,140.123.103.250,2.28
2025-10-13T16:10:46.560834,university,universities,cycu.edu.tw,140.135.201.3,icmp,,11,True,0.21,3,140.123.9.249,2.15
2025-10-13T16:10:46.560834,university,universities,cycu.edu.tw,140.135.201.3,icmp,,11,True,0.21,4,140.123.0.246,3.23
2025-10-13T16:10:46.560834,university,universities,cycu.edu.tw,140.135.201.3,icmp,,11,True,0.21,5,211.79.57.25,4.09
2025-10-13T16:10:46.560834,university,universities,cycu.edu.tw,140.135.201.3,icmp,,11,True,0.21,6,211.73.76.209,4.78
2025-10-13T16:10:46.560834,university,universities,cycu.edu.tw,140.135.201.3,icmp,,11,True,0.21,7,211.73.76.198,4.59
2025-10-13T16:10:46.560834,university,universities,cycu.edu.tw,140.135.201.3,icmp,,11,True,0.21,8,211.73.76.141,9.39
2025-10-13T16:10:46.560834,university,universities,cycu.edu.tw,140.135.201.3,icmp,,11,True,0.21,9,211.73.76.150,8.82
2025-10-13T16:10:46.560834,university,universities,cycu.edu.tw,140.135.201.3,icmp,,11,True,0.21,10,211.79.51.74,8.2
2025-10-13T16:10:46.560834,university,universities,cycu.edu.tw,140.135.201.3,icmp,,11,True,0.21,11,140.135.1.30,9.22
2025-10-13T16:10:46.560834,university,universities,cycu.edu.tw,140.135.201.3,icmp,,11,True,0.21,12,140.135.201.3,8.16
2025-10-13T16:10:52.879072,university,universities,nccu.edu.tw,140.119.166.199,icmp,,10,True,0.2,2,140.123.103.250,2.95
2025-10-13T16:10:52.879072,university,universities,nccu.edu.tw,140.119.166.199,icmp,,10,True,0.2,3,140.123.9.249,2.61
2025-10-13T16:10:52.879072,university,universities,nccu.edu.tw,140.119.166.199,icmp,,10,True,0.2,4,140.123.0.246,3.6
2025-10-13T16:10:52.879072,university,universities,nccu.edu.tw,140.119.166.199,icmp,,10,True,0.2,5,140.130.252.251,4.76
2025-10-13T16:10:52.879072,university,universities,nccu.edu.tw,140.119.166.199,icmp,,10,True,0.2,6,192.192.61.142,5.41
2025-10-13T16:10:52.879072,university,universities,nccu.edu.tw,140.119.166.199,icmp,,10,True,0.2,7,192.192.61.9,6.03
2025-10-13T16:10:52.879072,university,universities,nccu.edu.tw,140.119.166.199,icmp,,10,True,0.2,8,192.192.61.22,7.87
2025-10-13T16:10:52.879072,university,universities,nccu.edu.tw,140.119.166.199,icmp,,10,True,0.2,9,192.192.61.89,8.76
2025-10-13T16:10:52.879072,university,universities,nccu.edu.tw,140.119.166.199,icmp,,10,True,0.2,10,140.119.243.6,8.69
2025-10-13T16:10:52.879072,university,universities,nccu.edu.tw,140.119.166.199,icmp,,10,True,0.2,11,140.119.166.199,8.41
2025-10-13T16:11:17.414762,university,financial_banks,megabank.com.tw,203.66.132.201,icmp,,11,True,18.25,2,140.123.103.250,2.27
2025-10-13T16:11:17.414762,university,financial_banks,megabank.com.tw,203.66.132.201,icmp,,11,True,18.25,3,140.123.9.249,2.15
2025-10-13T16:11:17.414762,university,financial_banks,megabank.com.tw,203.66.132.201,icmp,,11,True,18.25,4,140.123.0.246,3.15
2025-10-13T16:11:17.414762,university,financial_banks,megabank.com.tw,203.66.132.201,icmp,,11,True,18.25,5,140.130.252.251,3.48
2025-10-13T16:11:17.414762,university,financial_banks,megabank.com.tw,203.66.132.201,icmp,,11,True,18.25,6,211.22.226.198,3.9
2025-10-13T16:11:17.414762,university,financial_banks,megabank.com.tw,203.66.132.201,icmp,,11,True,18.25,7,*,
2025-10-13T16:11:17.414762,university,financial_banks,megabank.com.tw,203.66.132.201,icmp,,11,True,18.25,8,*,
2025-10-13T16:11:17.414762,university,financial_banks,megabank.com.tw,203.66.132.201,icmp,,11,True,18.25,9,220.128.2.213,11.81
2025-10-13T16:11:17.414762,university,financial_banks,megabank.com.tw,203.66.132.201,icmp,,11,True,18.25,10,203.75.188.197,10.2
2025-10-13T16:11:17.414762,university,financial_banks,megabank.com.tw,203.66.132.201,icmp,,11,True,18.25,11,210.65.22.37,9.34
2025-10-13T16:11:17.414762,university,financial_banks,megabank.com.tw,203.66.132.201,icmp,,11,True,18.25,12,203.66.132.201,9.31
2025-10-13T16:12:17.968602,university,financial_banks,tcb-bank.com.tw,203.74.167.1,icmp,,15,False,54.31,2,140.123.103.250,2.25
2025-10-13T16:12:17.968602,university,financial_banks,tcb-bank.com.tw,203.74.167.1,icmp,,15,False,54.31,3,140.123.9.249,2.18
2025-10-13T16:12:17.968602,university,financial_banks,tcb-bank.com.tw,203.74.167.1,icmp,,15,False,54.31,4,140.123.0.246,2.89
2025-10-13T16:12:17.968602,university,financial_banks,tcb-bank.com.tw,203.74.167.1,icmp,,15,False,54.31,5,140.130.252.251,3.73
2025-10-13T16:12:17.968602,university,financial_banks,tcb-bank.com.tw,203.74.167.1,icmp,,15,False,54.31,6,211.22.226.198,3.65
2025-10-13T16:12:17.968602,university,financial_banks,tcb-bank.com.tw,203.74.167.1,icmp,,15,False,54.31,7,*,
2025-10-13T16:12:17.968602,university,financial_banks,tcb-bank.com.tw,203.74.167.1,icmp,,15,False,54.31,8,*,
2025-10-13T16:12:17.968602,university,financial_banks,tcb-bank.com.tw,203.74.167.1,icmp,,15,False,54.31,9,220.128.4.217,27.11
2025-10-13T16:12:17.968602,university,financial_banks,tcb-bank.com.tw,203.74.167.1,icmp,,15,False,54.31,10,168.95.208.45,10.26
2025-10-13T16:12:17.968602,university,financial_banks,tcb-bank.com.tw,203.74.167.1,icmp,,15,False,54.31,11,*,
2025-10-13T16:12:17.968602,university,financial_banks,tcb-bank.com.tw,203.74.167.1,icmp,,15,False,54.31,12,*,
2025-10-13T16:12:17.968602,university,financial_banks,tcb-bank.com.tw,203.74.167.1,icmp,,15,False,54.31,13,*,
2025-10-13T16:12:17.968602,university,financial_banks,tcb-bank.com.tw,203.74.167.1,icmp,,15,False,54.31,14,*,
2025-10-13T16:12:17.968602,university,financial_banks,tcb-bank.com.tw,203.74.167.1,icmp,,15,False,54.31,15,202.39.35.201,10.85
2025-10-13T16:12:17.968602,university,financial_banks,tcb-bank.com.tw,203.74.167.1,icmp,,15,False,54.31,16,202.39.35.201,15.66
2025-10-13T16:12:21.261564,university,financial_banks,firstbank.com.tw,219.87.23.191,icmp,,9,True,0.19,2,140.123.103.250,2.07
2025-10-13T16:12:21.261564,university,financial_banks,firstbank.com.tw,219.87.23.191,icmp,,9,True,0.19,3,140.123.9.249,2.05
2025-10-13T16:12:21.261564,university,financial_banks,firstbank.com.tw,219.87.23.191,icmp,,9,True,0.19,4,140.123.0.246,3.01
2025-10-13T16:12:21.261564,university,financial_banks,firstbank.com.tw,219.87.23.191,icmp,,9,True,0.19,5,140.130.252.251,3.24
2025-10-13T16:12:21.261564,university,financial_banks,firstbank.com.tw,219.87.23.191,icmp,,9,True,0.19,6,61.31.254.69,5.63
2025-10-13T16:12:21.261564,university,financial_banks,firstbank.com.tw,219.87.23.191,icmp,,9,True,0.19,7,60.199.27.121,6.89
2025-10-13T16:12:21.261564,university,financial_banks,firstbank.com.tw,219.87.23.191,icmp,,9,True,0.19,8,60.199.82.97,10.78
2025-10-13T16:12:21.261564,university,financial_banks,firstbank.com.tw,219.87.23.191,icmp,,9,True,0.19,9,60.199.47.190,11.79
2025-10-13T16:12:21.261564,university,financial_banks,firstbank.com.tw,219.87.23.191,icmp,,9,True,0.19,10,219.87.23.191,10.92
2025-10-13T16:13:06.707675,university,financial_banks,cathaybk.com.tw,60.248.150.182,icmp,,11,True,33.18,2,140.123.103.250,2.77
2025-10-13T16:13:06.707675,university,financial_banks,cathaybk.com.tw,60.248.150.182,icmp,,11,True,33.18,3,140.123.9.249,3.52
2025-10-13T16:13:06.707675,university,financial_banks,cathaybk.com.tw,60.248.150.182,icmp,,11,True,33.18,4,140.123.0.246,3.45
2025-10-13T16:13:06.707675,university,financial_banks,cathaybk.com.tw,60.248.150.182,icmp,,11,True,33.18,5,140.130.252.251,3.86
2025-10-13T16:13:06.707675,university,financial_banks,cathaybk.com.tw,60.248.150.182,icmp,,11,True,33.18,6,211.22.226.198,3.91
2025-10-13T16:13:06.707675,university,financial_banks,cathaybk.com.tw,60.248.150.182,icmp,,11,True,33.18,7,*,
2025-10-13T16:13:06.707675,university,financial_banks,cathaybk.com.tw,60.248.150.182,icmp,,11,True,33.18,8,*,
2025-10-13T16:13:06.707675,university,financial_banks,cathaybk.com.tw,60.248.150.182,icmp,,11,True,33.18,9,220.128.4.217,12.04
2025-10-13T16:13:06.707675,university,financial_banks,cathaybk.com.tw,60.248.150.182,icmp,,11,True,33.18,10,*,
2025-10-13T16:13:06.707675,university,financial_banks,cathaybk.com.tw,60.248.150.182,icmp,,11,True,33.18,11,*,
2025-10-13T16:13:06.707675,university,financial_banks,cathaybk.com.tw,60.248.150.182,icmp,,11,True,33.18,12,60.248.150.182,12.17
2025-10-13T16:15:31.098962,university,financial_banks,esunbank.com.tw,61.222.116.238,icmp,,10,True,18.2,2,140.123.103.250,2.69
2025-10-13T16:15:31.098962,university,financial_banks,esunbank.com.tw,61.222.116.238,icmp,,10,True,18.2,3,140.123.9.249,2.53
2025-10-13T16:15:31.098962,university,financial_banks,esunbank.com.tw,61.222.116.238,icmp,,10,True,18.2,4,140.123.0.246,3.25
2025-10-13T16:15:31.098962,university,financial_banks,esunbank.com.tw,61.222.116.238,icmp,,10,True,18.2,5,140.130.252.251,4.2
2025-10-13T16:15:31.098962,university,financial_banks,esunbank.com.tw,61.222.116.238,icmp,,10,True,18.2,6,211.22.226.198,4.19
2025-10-13T16:15:31.098962,university,financial_banks,esunbank.com.tw,61.222.116.238,icmp,,10,True,18.2,7,*,
2025-10-13T16:15:31.098962,university,financial_banks,esunbank.com.tw,61.222.116.238,icmp,,10,True,18.2,8,*,
2025-10-13T16:15:31.098962,university,financial_banks,esunbank.com.tw,61.222.116.238,icmp,,10,True,18.2,9,220.128.4.17,16.08
2025-10-13T16:15:31.098962,university,financial_banks,esunbank.com.tw,61.222.116.238,icmp,,10,True,18.2,10,203.75.188.177,10.85
2025-10-13T16:15:31.098962,university,financial_banks,esunbank.com.tw,61.222.116.238,icmp,,10,True,18.2,11,61.222.116.238,11.31
2025-10-13T16:21:59.227580,university,ecommerce_tech,pchome.com.tw,34.110.144.106,icmp,,10,True,0.19,2,140.123.103.250,2.39
2025-10-13T16:21:59.227580,university,ecommerce_tech,pchome.com.tw,34.110.144.106,icmp,,10,True,0.19,3,140.123.9.249,2.45
2025-10-13T16:21:59.227580,university,ecommerce_tech,pchome.com.tw,34.110.144.106,icmp,,10,True,0.19,4,140.123.0.246,3.26
2025-10-13T16:21:59.227580,university,ecommerce_tech,pchome.com.tw,34.110.144.106,icmp,,10,True,0.19,5,140.130.252.251,3.95
2025-10-13T16:21:59.227580,university,ecommerce_tech,pchome.com.tw,34.110.144.106,icmp,,10,True,0.19,6,192.192.61.142,5.41
2025-10-13T16:21:59.227580,university,ecommerce_tech,pchome.com.tw,34.110.144.106,icmp,,10,True,0.19,7,192.192.61.20,7.11
2025-10-13T16:21:59.227580,university,ecommerce_tech,pchome.com.tw,34.110.144.106,icmp,,10,True,0.19,8,192.192.61.184,8.24
2025-10-13T16:21:59.227580,university,ecommerce_tech,pchome.com.tw,34.110.144.106,icmp,,10,True,0.19,9,192.192.61.203,7.98
2025-10-13T16:21:59.227580,university,ecommerce_tech,pchome.com.tw,34.110.144.106,icmp,,10,True,0.19,10,72.14.196.229,8.26
2025-10-13T16:21:59.227580,university,ecommerce_tech,pchome.com.tw,34.110.144.106,icmp,,10,True,0.19,11,34.110.144.106,8.3
2025-10-13T16:22:02.493231,university,ecommerce_tech,24h.pchome.com.tw,34.149.253.14,icmp,,10,True,0.19,2,140.123.103.250,2.59
2025-10-13T16:22:02.493231,university,ecommerce_tech,24h.pchome.com.tw,34.149.253.14,icmp,,10,True,0.19,3,140.123.9.249,2.43
2025-10-13T16:22:02.493231,university,ecommerce_tech,24h.pchome.com.tw,34.149.253.14,icmp,,10,True,0.19,4,140.123.0.246,3.54
2025-10-13T16:22:02.493231,university,ecommerce_tech,24h.pchome.com.tw,34.149.253.14,icmp,,10,True,0.19,5,140.130.252.251,3.49
2025-10-13T16:22:02.493231,university,ecommerce_tech,24h.pchome.com.tw,34.149.253.14,icmp,,10,True,0.19,6,192.192.61.142,5.37
2025-10-13T16:22:02.493231,university,ecommerce_tech,24h.pchome.com.tw,34.149.253.14,icmp,,10,True,0.19,7,192.192.61.20,7.5
2025-10-13T16:22:02.493231,university,ecommerce_tech,24h.pchome.com.tw,34.149.253.14,icmp,,10,True,0.19,8,192.192.61.184,8.21
2025-10-13T16:22:02.493231,university,ecommerce_tech,24h.pchome.com.tw,34.149.253.14,icmp,,10,True,0.19,9,192.192.61.203,8.39
2025-10-13T16:22:02.493231,university,ecommerce_tech,24h.pchome.com.tw,34.149.253.14,icmp,,10,True,0.19,10,72.14.196.229,8.43
2025-10-13T16:22:02.493231,university,ecommerce_tech,24h.pchome.com.tw,34.149.253.14,icmp,,10,True,0.19,11,34.149.253.14,8.04
2025-10-13T16:22:05.809277,university,ecommerce_tech,momoshop.com.tw,219.87.1.143,icmp,,10,True,0.24,2,140.123.103.250,2.57
2025-10-13T16:22:05.809277,university,ecommerce_tech,momoshop.com.tw,219.87.1.143,icmp,,10,True,0.24,3,140.123.9.249,2.48
2025-10-13T16:22:05.809277,university,ecommerce_tech,momoshop.com.tw,219.87.1.143,icmp,,10,True,0.24,4,140.123.0.246,3.29
2025-10-13T16:22:05.809277,university,ecommerce_tech,momoshop.com.tw,219.87.1.143,icmp,,10,True,0.24,5,140.130.252.251,3.56
2025-10-13T16:22:05.809277,university,ecommerce_tech,momoshop.com.tw,219.87.1.143,icmp,,10,True,0.24,6,61.31.254.69,5.99
2025-10-13T16:22:05.809277,university,ecommerce_tech,momoshop.com.tw,219.87.1.143,icmp,,10,True,0.24,7,60.199.27.121,5.96
2025-10-13T16:22:05.809277,university,ecommerce_tech,momoshop.com.tw,219.87.1.143,icmp,,10,True,0.24,8,60.199.28.185,10.12
2025-10-13T16:22:05.809277,university,ecommerce_tech,momoshop.com.tw,219.87.1.143,icmp,,10,True,0.24,9,60.199.28.121,9.97
2025-10-13T16:22:05.809277,university,ecommerce_tech,momoshop.com.tw,219.87.1.143,icmp,,10,True,0.24,10,60.199.5.130,16.68
2025-10-13T16:22:05.809277,university,ecommerce_tech,momoshop.com.tw,219.87.1.143,icmp,,10,True,0.24,11,219.87.1.143,10.19
2025-10-13T16:22:09.393037,university,ecommerce_tech,shopee.tw,103.127.231.0,icmp,,14,True,0.52,2,140.123.103.250,2.83
2025-10-13T16:22:09.393037,university,ecommerce_tech,shopee.tw,103.127.231.0,icmp,,14,True,0.52,3,140.123.9.249,2.5
2025-10-13T16:22:09.393037,university,ecommerce_tech,shopee.tw,103.127.231.0,icmp,,14,True,0.52,4,140.123.0.246,3.82
2025-10-13T16:22:09.393037,university,ecommerce_tech,shopee.tw,103.127.231.0,icmp,,14,True,0.52,5,140.130.252.251,4.44
2025-10-13T16:22:09.393037,university,ecommerce_tech,shopee.tw,103.127.231.0,icmp,,14,True,0.52,6,61.31.254.69,6.58
2025-10-13T16:22:09.393037,university,ecommerce_tech,shopee.tw,103.127.231.0,icmp,,14,True,0.52,7,60.199.27.161,5.86
2025-10-13T16:22:09.393037,university,ecommerce_tech,shopee.tw,103.127.231.0,icmp,,14,True,0.52,8,60.199.82.101,10.7
2025-10-13T16:22:09.393037,university,ecommerce_tech,shopee.tw,103.127.231.0,icmp,,14,True,0.52,9,60.199.47.206,12.8
2025-10-13T16:22:09.393037,university,ecommerce_tech,shopee.tw,103.127.231.0,icmp,,14,True,0.52,10,219.80.240.66,12.11
2025-10-13T16:22:09.393037,university,ecommerce_tech,shopee.tw,103.127.231.0,icmp,,14,True,0.52,11,10.100.159.207,11.24
2025-10-13T16:22:09.393037,university,ecommerce_tech,shopee.tw,103.127.231.0,icmp,,14,True,0.52,12,10.100.59.21,10.78
2025-10-13T16:22:09.393037,university,ecommerce_tech,shopee.tw,103.127.231.0,icmp,,14,True,0.52,13,10.59.242.133,10.73
2025-10-13T16:22:09.393037,university,ecommerce_tech,shopee.tw,103.127.231.0,icmp,,14,True,0.52,14,10.59.252.1,10.85
2025-10-13T16:22:09.393037,university,ecommerce_tech,shopee.tw,103.127.231.0,icmp,,14,True,0.52,15,103.127.231.0,60.6
2025-10-13T16:22:12.705017,university,ecommerce_tech,ruten.com.tw,104.18.11.27,icmp,,10,True,0.21,2,140.123.103.250,2.37
2025-10-13T16:22:12.705017,university,ecommerce_tech,ruten.com.tw,104.18.11.27,icmp,,10,True,0.21,3,140.123.9.249,2.32
2025-10-13T16:22:12.705017,university,ecommerce_tech,ruten.com.tw,104.18.11.27,icmp,,10,True,0.21,4,140.123.0.246,5.26
2025-10-13T16:22:12.705017,university,ecommerce_tech,ruten.com.tw,104.18.11.27,icmp,,10,True,0.21,5,140.130.252.251,3.93
2025-10-13T16:22:12.705017,university,ecommerce_tech,ruten.com.tw,104.18.11.27,icmp,,10,True,0.21,6,192.192.61.142,5.47
2025-10-13T16:22:12.705017,university,ecommerce_tech,ruten.com.tw,104.18.11.27,icmp,,10,True,0.21,7,192.192.61.20,7.91
2025-10-13T16:22:12.705017,university,ecommerce_tech,ruten.com.tw,104.18.11.27,icmp,,10,True,0.21,8,192.192.61.48,8.21
2025-10-13T16:22:12.705017,university,ecommerce_tech,ruten.com.tw,104.18.11.27,icmp,,10,True,0.21,9,192.192.68.62,7.95
2025-10-13T16:22:12.705017,university,ecommerce_tech,ruten.com.tw,104.18.11.27,icmp,,10,True,0.21,10,203.163.222.39,9.43
2025-10-13T16:22:12.705017,university,ecommerce_tech,ruten.com.tw,104.18.11.27,icmp,,10,True,0.21,11,104.18.11.27,8.44
2025-10-13T16:24:28.229908,university,ecommerce_tech,104.com.tw,104.18.9.226,icmp,,10,True,9.2,2,140.123.103.250,2.18
2025-10-13T16:24:28.229908,university,ecommerce_tech,104.com.tw,104.18.9.226,icmp,,10,True,9.2,3,140.123.9.249,2.18
2025-10-13T16:24:28.229908,university,ecommerce_tech,104.com.tw,104.18.9.226,icmp,,10,True,9.2,4,140.123.0.246,3.26
2025-10-13T16:24:28.229908,university,ecommerce_tech,104.com.tw,104.18.9.226,icmp,,10,True,9.2,5,140.130.252.251,3.9
2025-10-13T16:24:28.229908,university,ecommerce_tech,104.com.tw,104.18.9.226,icmp,,10,True,9.2,6,192.192.61.142,5.77
2025-10-13T16:24:28.229908,university,ecommerce_tech,104.com.tw,104.18.9.226,icmp,,10,True,9.2,7,192.192.61.20,7.4
2025-10-13T16:24:28.229908,university,ecommerce_tech,104.com.tw,104.18.9.226,icmp,,10,True,9.2,8,192.192.61.48,8.06
2025-10-13T16:24:28.229908,university,ecommerce_tech,104.com.tw,104.18.9.226,icmp,,10,True,9.2,9,192.192.68.62,10.21
2025-10-13T16:24:28.229908,university,ecommerce_tech,104.com.tw,104.18.9.226,icmp,,10,True,9.2,10,*,
2025-10-13T16:24:28.229908,university,ecommerce_tech,104.com.tw,104.18.9.226,icmp,,10,True,9.2,11,104.18.9.226,7.84
2025-10-13T16:27:56.172563,university,ecommerce_tech,yes123.com.tw,168.63.250.12,icmp,,21,True,81.61,2,140.123.103.250,2.19
2025-10-13T16:27:56.172563,university,ecommerce_tech,yes123.com.tw,168.63.250.12,icmp,,21,True,81.61,3,140.123.9.249,2.23
2025-10-13T16:27:56.172563,university,ecommerce_tech,yes123.com.tw,168.63.250.12,icmp,,21,True,81.61,4,140.123.0.246,3.26
2025-10-13T16:27:56.172563,university,ecommerce_tech,yes123.com.tw,168.63.250.12,icmp,,21,True,81.61,5,140.130.252.251,4.35
2025-10-13T16:27:56.172563,university,ecommerce_tech,yes123.com.tw,168.63.250.12,icmp,,21,True,81.61,6,192.192.61.142,5.25
2025-10-13T16:27:56.172563,university,ecommerce_tech,yes123.com.tw,168.63.250.12,icmp,,21,True,81.61,7,192.192.61.20,14.22
2025-10-13T16:27:56.172563,university,ecommerce_tech,yes123.com.tw,168.63.250.12,icmp,,21,True,81.61,8,192.192.61.48,7.82
2025-10-13T16:27:56.172563,university,ecommerce_tech,yes123.com.tw,168.63.250.12,icmp,,21,True,81.61,9,192.192.68.62,7.6
2025-10-13T16:27:56.172563,university,ecommerce_tech,yes123.com.tw,168.63.250.12,icmp,,21,True,81.61,10,203.163.222.15,9.38
2025-10-13T16:27:56.172563,university,ecommerce_tech,yes123.com.tw,168.63.250.12,icmp,,21,True,81.61,11,104.44.51.226,9.91
2025-10-13T16:27:56.172563,university,ecommerce_tech,yes123.com.tw,168.63.250.12,icmp,,21,True,81.61,12,*,
2025-10-13T16:27:56.172563,university,ecommerce_tech,yes123.com.tw,168.63.250.12,icmp,,21,True,81.61,13,*,
2025-10-13T16:27:56.172563,university,ecommerce_tech,yes123.com.tw,168.63.250.12,icmp,,21,True,81.61,14,*,
2025-10-13T16:27:56.172563,university,ecommerce_tech,yes123.com.tw,168.63.250.12,icmp,,21,True,81.61,15,*,
2025-10-13T16:27:56.172563,university,ecommerce_tech,yes123.com.tw,168.63.250.12,icmp,,21,True,81.61,16,13.106.238.151,54.94
2025-10-13T16:27:56.172563,university,ecommerce_tech,yes123.com.tw,168.63.250.12,icmp,,21,True,81.61,17,*,
2025-10-13T16:27:56.172563,university,ecommerce_tech,yes123.com.tw,168.63.250.12,icmp,,21,True,81.61,18,*,
2025-10-13T16:27:56.172563,university,ecommerce_tech,yes123.com.tw,168.63.250.12,icmp,,21,True,81.61,19,*,
2025-10-13T16:27:56.172563,university,ecommerce_tech,yes123.com.tw,168.63.250.12,icmp,,21,True,81.61,20,*,
2025-10-13T16:27:56.172563,university,ecommerce_tech,yes123.com.tw,168.63.250.12,icmp,,21,True,81.61,21,*,
2025-10-13T16:27:56.172563,university,ecommerce_tech,yes123.com.tw,168.63.250.12,icmp,,21,True,81.61,22,168.63.250.12,51.83
2025-10-13T16:30:02.562949,university,ecommerce_tech,mobile01.com,34.36.92.153,icmp,,10,True,0.2,2,140.123.103.250,2.51
2025-10-13T16:30:02.562949,university,ecommerce_tech,mobile01.com,34.36.92.153,icmp,,10,True,0.2,3,140.123.9.249,2.49
2025-10-13T16:30:02.562949,university,ecommerce_tech,mobile01.com,34.36.92.153,icmp,,10,True,0.2,4,140.123.0.246,3.16
2025-10-13T16:30:02.562949,university,ecommerce_tech,mobile01.com,34.36.92.153,icmp,,10,True,0.2,5,140.130.252.251,4.02
2025-10-13T16:30:02.562949,university,ecommerce_tech,mobile01.com,34.36.92.153,icmp,,10,True,0.2,6,192.192.61.142,5.23
2025-10-13T16:30:02.562949,university,ecommerce_tech,mobile01.com,34.36.92.153,icmp,,10,True,0.2,7,192.192.61.20,7.09
2025-10-13T16:30:02.562949,university,ecommerce_tech,mobile01.com,34.36.92.153,icmp,,10,True,0.2,8,192.192.61.184,8.1
2025-10-13T16:30:02.562949,university,ecommerce_tech,mobile01.com,34.36.92.153,icmp,,10,True,0.2,9,192.192.61.203,7.6
2025-10-13T16:30:02.562949,university,ecommerce_tech,mobile01.com,34.36.92.153,icmp,,10,True,0.2,10,72.14.196.229,8.07
2025-10-13T16:30:02.562949,university,ecommerce_tech,mobile01.com,34.36.92.153,icmp,,10,True,0.2,11,34.36.92.153,9.08
2025-10-13T16:30:05.889186,university,ecommerce_tech,ptt.cc,140.112.172.11,icmp,,12,True,0.25,2,140.123.103.250,2.5
2025-10-13T16:30:05.889186,university,ecommerce_tech,ptt.cc,140.112.172.11,icmp,,12,True,0.25,3,140.123.9.249,2.59
2025-10-13T16:30:05.889186,university,ecommerce_tech,ptt.cc,140.112.172.11,icmp,,12,True,0.25,4,140.123.0.246,3.04
2025-10-13T16:30:05.889186,university,ecommerce_tech,ptt.cc,140.112.172.11,icmp,,12,True,0.25,5,140.130.252.251,3.37
2025-10-13T16:30:05.889186,university,ecommerce_tech,ptt.cc,140.112.172.11,icmp,,12,True,0.25,6,192.192.61.142,5.31
2025-10-13T16:30:05.889186,university,ecommerce_tech,ptt.cc,140.112.172.11,icmp,,12,True,0.25,7,192.192.61.20,9.53
2025-10-13T16:30:05.889186,university,ecommerce_tech,ptt.cc,140.112.172.11,icmp,,12,True,0.25,8,192.192.61.81,8.52
2025-10-13T16:30:05.889186,university,ecommerce_tech,ptt.cc,140.112.172.11,icmp,,12,True,0.25,9,140.112.0.69,8.43
2025-10-13T16:30:05.889186,university,ecommerce_tech,ptt.cc,140.112.172.11,icmp,,12,True,0.25,10,10.199.199.2,8.57
2025-10-13T16:30:05.889186,university,ecommerce_tech,ptt.cc,140.112.172.11,icmp,,12,True,0.25,11,140.112.0.201,8.47
2025-10-13T16:30:05.889186,university,ecommerce_tech,ptt.cc,140.112.172.11,icmp,,12,True,0.25,12,140.112.0.213,8.72
2025-10-13T16:30:05.889186,university,ecommerce_tech,ptt.cc,140.112.172.11,icmp,,12,True,0.25,13,140.112.172.11,8.64
2025-10-13T16:30:12.164319,university,ecommerce_tech,dcard.tw,104.19.248.7,icmp,,10,True,3.2,2,140.123.103.250,2.26
2025-10-13T16:30:12.164319,university,ecommerce_tech,dcard.tw,104.19.248.7,icmp,,10,True,3.2,3,140.123.9.249,2.49
2025-10-13T16:30:12.164319,university,ecommerce_tech,dcard.tw,104.19.248.7,icmp,,10,True,3.2,4,140.123.0.246,2.8
2025-10-13T16:30:12.164319,university,ecommerce_tech,dcard.tw,104.19.248.7,icmp,,10,True,3.2,5,140.130.252.251,3.81
2025-10-13T16:30:12.164319,university,ecommerce_tech,dcard.tw,104.19.248.7,icmp,,10,True,3.2,6,192.192.61.142,5.52
2025-10-13T16:30:12.164319,university,ecommerce_tech,dcard.tw,104.19.248.7,icmp,,10,True,3.2,7,192.192.61.20,7.09
2025-10-13T16:30:12.164319,university,ecommerce_tech,dcard.tw,104.19.248.7,icmp,,10,True,3.2,8,192.192.61.48,7.7
2025-10-13T16:30:12.164319,university,ecommerce_tech,dcard.tw,104.19.248.7,icmp,,10,True,3.2,9,192.192.68.62,8.05
2025-10-13T16:30:12.164319,university,ecommerce_tech,dcard.tw,104.19.248.7,icmp,,10,True,3.2,10,203.163.222.39,8.76
2025-10-13T16:30:12.164319,university,ecommerce_tech,dcard.tw,104.19.248.7,icmp,,10,True,3.2,11,104.19.248.7,9.61
2025-10-13T16:30:21.495682,university,ecommerce_tech,gamer.com.tw,104.18.2.197,icmp,,10,True,3.19,2,140.123.103.250,2.76
2025-10-13T16:30:21.495682,university,ecommerce_tech,gamer.com.tw,104.18.2.197,icmp,,10,True,3.19,3,140.123.9.249,2.52
2025-10-13T16:30:21.495682,university,ecommerce_tech,gamer.com.tw,104.18.2.197,icmp,,10,True,3.19,4,140.123.0.246,2.86
2025-10-13T16:30:21.495682,university,ecommerce_tech,gamer.com.tw,104.18.2.197,icmp,,10,True,3.19,5,140.130.252.251,3.47
2025-10-13T16:30:21.495682,university,ecommerce_tech,gamer.com.tw,104.18.2.197,icmp,,10,True,3.19,6,192.192.61.142,5.58
2025-10-13T16:30:21.495682,university,ecommerce_tech,gamer.com.tw,104.18.2.197,icmp,,10,True,3.19,7,192.192.61.20,7.52
2025-10-13T16:30:21.495682,university,ecommerce_tech,gamer.com.tw,104.18.2.197,icmp,,10,True,3.19,8,192.192.61.48,7.79
2025-10-13T16:30:21.495682,university,ecommerce_tech,gamer.com.tw,104.18.2.197,icmp,,10,True,3.19,9,192.192.68.62,8.16
2025-10-13T16:30:21.495682,university,ecommerce_tech,gamer.com.tw,104.18.2.197,icmp,,10,True,3.19,10,203.163.222.39,8.73
2025-10-13T16:30:21.495682,university,ecommerce_tech,gamer.com.tw,104.18.2.197,icmp,,10,True,3.19,11,104.18.2.197,8.39
2025-10-13T16:32:29.974438,university,media,udn.com,184.84.196.184,icmp,,11,True,2.2,2,140.123.103.250,2.46
2025-10-13T16:32:29.974438,university,media,udn.com,184.84.196.184,icmp,,11,True,2.2,3,140.123.9.249,2.31
2025-10-13T16:32:29.974438,university,media,udn.com,184.84.196.184,icmp,,11,True,2.2,4,140.123.0.246,2.91
2025-10-13T16:32:29.974438,university,media,udn.com,184.84.196.184,icmp,,11,True,2.2,5,140.130.252.251,3.71
2025-10-13T16:32:29.974438,university,media,udn.com,184.84.196.184,icmp,,11,True,2.2,6,192.192.61.142,5.5
2025-10-13T16:32:29.974438,university,media,udn.com,184.84.196.184,icmp,,11,True,2.2,7,192.192.61.20,7.54
2025-10-13T16:32:29.974438,university,media,udn.com,184.84.196.184,icmp,,11,True,2.2,8,192.192.61.48,8.04
2025-10-13T16:32:29.974438,university,media,udn.com,184.84.196.184,icmp,,11,True,2.2,9,192.192.68.62,7.94
2025-10-13T16:32:29.974438,university,media,udn.com,184.84.196.184,icmp,,11,True,2.2,10,192.192.68.28,13.73
2025-10-13T16:32:29.974438,university,media,udn.com,184.84.196.184,icmp,,11,True,2.2,11,192.192.68.45,666.22
2025-10-13T16:32:29.974438,university,media,udn.com,184.84.196.184,icmp,,11,True,2.2,12,184.84.196.184,7.96
2025-10-13T16:32:33.229302,university,media,chinatimes.com,35.244.236.6,icmp,,10,True,0.19,2,140.123.103.250,2.48
2025-10-13T16:32:33.229302,university,media,chinatimes.com,35.244.236.6,icmp,,10,True,0.19,3,140.123.9.249,2.17
2025-10-13T16:32:33.229302,university,media,chinatimes.com,35.244.236.6,icmp,,10,True,0.19,4,140.123.0.246,3.32
2025-10-13T16:32:33.229302,university,media,chinatimes.com,35.244.236.6,icmp,,10,True,0.19,5,140.130.252.251,4.22
2025-10-13T16:32:33.229302,university,media,chinatimes.com,35.244.236.6,icmp,,10,True,0.19,6,192.192.61.142,5.14
2025-10-13T16:32:33.229302,university,media,chinatimes.com,35.244.236.6,icmp,,10,True,0.19,7,192.192.61.20,7.05
2025-10-13T16:32:33.229302,university,media,chinatimes.com,35.244.236.6,icmp,,10,True,0.19,8,192.192.61.184,8.2
2025-10-13T16:32:33.229302,university,media,chinatimes.com,35.244.236.6,icmp,,10,True,0.19,9,192.192.61.203,7.9
2025-10-13T16:32:33.229302,university,media,chinatimes.com,35.244.236.6,icmp,,10,True,0.19,10,72.14.196.229,8.55
2025-10-13T16:32:33.229302,university,media,chinatimes.com,35.244.236.6,icmp,,10,True,0.19,11,35.244.236.6,8.32
2025-10-13T16:33:21.581928,university,media,tvbs.com.tw,3.169.137.122,icmp,,14,True,45.25,2,140.123.103.250,2.46
2025-10-13T16:33:21.581928,university,media,tvbs.com.tw,3.169.137.122,icmp,,14,True,45.25,3,140.123.9.249,2.68
2025-10-13T16:33:21.581928,university,media,tvbs.com.tw,3.169.137.122,icmp,,14,True,45.25,4,140.123.0.246,3.23
2025-10-13T16:33:21.581928,university,media,tvbs.com.tw,3.169.137.122,icmp,,14,True,45.25,5,140.130.252.251,4.21
2025-10-13T16:33:21.581928,university,media,tvbs.com.tw,3.169.137.122,icmp,,14,True,45.25,6,192.192.61.142,5.8
2025-10-13T16:33:21.581928,university,media,tvbs.com.tw,3.169.137.122,icmp,,14,True,45.25,7,192.192.61.20,7.35
2025-10-13T16:33:21.581928,university,media,tvbs.com.tw,3.169.137.122,icmp,,14,True,45.25,8,192.192.61.48,15.84
2025-10-13T16:33:21.581928,university,media,tvbs.com.tw,3.169.137.122,icmp,,14,True,45.25,9,192.192.68.62,8.15
2025-10-13T16:33:21.581928,university,media,tvbs.com.tw,3.169.137.122,icmp,,14,True,45.25,10,*,
2025-10-13T16:33:21.581928,university,media,tvbs.com.tw,3.169.137.122,icmp,,14,True,45.25,11,*,
2025-10-13T16:33:21.581928,university,media,tvbs.com.tw,3.169.137.122,icmp,,14,True,45.25,12,*,
2025-10-13T16:33:21.581928,university,media,tvbs.com.tw,3.169.137.122,icmp,,14,True,45.25,13,*,
2025-10-13T16:33:21.581928,university,media,tvbs.com.tw,3.169.137.122,icmp,,14,True,45.25,14,*,
2025-10-13T16:33:21.581928,university,media,tvbs.com.tw,3.169.137.122,icmp,,14,True,45.25,15,3.169.137.122,11.45
2025-10-13T16:34:40.152985,university,media,cts.com.tw,3.5.156.20,icmp,,17,True,72.39,2,140.123.103.250,1.98
2025-10-13T16:34:40.152985,university,media,cts.com.tw,3.5.156.20,icmp,,17,True,72.39,3,140.123.9.249,2.16
2025-10-13T16:34:40.152985,university,media,cts.com.tw,3.5.156.20,icmp,,17,True,72.39,4,140.123.0.246,2.77
2025-10-13T16:34:40.152985,university,media,cts.com.tw,3.5.156.20,icmp,,17,True,72.39,5,140.130.252.251,7.08
2025-10-13T16:34:40.152985,university,media,cts.com.tw,3.5.156.20,icmp,,17,True,72.39,6,192.192.61.142,4.73
2025-10-13T16:34:40.152985,university,media,cts.com.tw,3.5.156.20,icmp,,17,True,72.39,7,192.192.61.20,7.97
2025-10-13T16:34:40.152985,university,media,cts.com.tw,3.5.156.20,icmp,,17,True,72.39,8,192.192.61.48,7.35
2025-10-13T16:34:40.152985,university,media,cts.com.tw,3.5.156.20,icmp,,17,True,72.39,9,192.192.68.62,7.76
2025-10-13T16:34:40.152985,university,media,cts.com.tw,3.5.156.20,icmp,,17,True,72.39,10,*,
2025-10-13T16:34:40.152985,university,media,cts.com.tw,3.5.156.20,icmp,,17,True,72.39,11,*,
2025-10-13T16:34:40.152985,university,media,cts.com.tw,3.5.156.20,icmp,,17,True,72.39,12,*,
2025-10-13T16:34:40.152985,university,media,cts.com.tw,3.5.156.20,icmp,,17,True,72.39,13,*,
2025-10-13T16:34:40.152985,university,media,cts.com.tw,3.5.156.20,icmp,,17,True,72.39,14,*,
2025-10-13T16:34:40.152985,university,media,cts.com.tw,3.5.156.20,icmp,,17,True,72.39,15,*,
2025-10-13T16:34:40.152985,university,media,cts.com.tw,3.5.156.20,icmp,,17,True,72.39,16,*,
2025-10-13T16:34:40.152985,university,media,cts.com.tw,3.5.156.20,icmp,,17,True,72.39,17,*,
2025-10-13T16:34:40.152985,university,media,cts.com.tw,3.5.156.20,icmp,,17,True,72.39,18,3.5.156.20,41.73
2025-10-13T16:34:52.485895,university,media,ftv.com.tw,104.18.27.53,icmp,,10,True,9.2,2,140.123.103.250,2.29
2025-10-13T16:34:52.485895,university,media,ftv.com.tw,104.18.27.53,icmp,,10,True,9.2,3,140.123.9.249,2.36
2025-10-13T16:34:52.485895,university,media,ftv.com.tw,104.18.27.53,icmp,,10,True,9.2,4,140.123.0.246,3.44
2025-10-13T16:34:52.485895,university,media,ftv.com.tw,104.18.27.53,icmp,,10,True,9.2,5,140.130.252.251,5.44
2025-10-13T16:34:52.485895,university,media,ftv.com.tw,104.18.27.53,icmp,,10,True,9.2,6,192.192.61.142,7.89
2025-10-13T16:34:52.485895,university,media,ftv.com.tw,104.18.27.53,icmp,,10,True,9.2,7,192.192.61.20,7.0
2025-10-13T16:34:52.485895,university,media,ftv.com.tw,104.18.27.53,icmp,,10,True,9.2,8,192.192.61.48,8.3
2025-10-13T16:34:52.485895,university,media,ftv.com.tw,104.18.27.53,icmp,,10,True,9.2,9,192.192.68.62,9.04
2025-10-13T16:34:52.485895,university,media,ftv.com.tw,104.18.27.53,icmp,,10,True,9.2,10,*,
2025-10-13T16:34:52.485895,university,media,ftv.com.tw,104.18.27.53,icmp,,10,True,9.2,11,104.18.27.53,9.78
2025-10-13T16:34:58.917401,university,media,cna.com.tw,34.160.71.205,icmp,,10,True,0.25,2,140.123.103.250,2.22
2025-10-13T16:34:58.917401,university,media,cna.com.tw,34.160.71.205,icmp,,10,True,0.25,3,140.123.9.249,2.45
2025-10-13T16:34:58.917401,university,media,cna.com.tw,34.160.71.205,icmp,,10,True,0.25,4,140.123.0.246,2.95
2025-10-13T16:34:58.917401,university,media,cna.com.tw,34.160.71.205,icmp,,10,True,0.25,5,140.130.252.251,18.23
2025-10-13T16:34:58.917401,university,media,cna.com.tw,34.160.71.205,icmp,,10,True,0.25,6,192.192.61.142,5.92
2025-10-13T16:34:58.917401,university,media,cna.com.tw,34.160.71.205,icmp,,10,True,0.25,7,192.192.61.20,7.29
2025-10-13T16:34:58.917401,university,media,cna.com.tw,34.160.71.205,icmp,,10,True,0.25,8,192.192.61.184,8.98
2025-10-13T16:34:58.917401,university,media,cna.com.tw,34.160.71.205,icmp,,10,True,0.25,9,192.192.61.203,8.64
2025-10-13T16:34:58.917401,university,media,cna.com.tw,34.160.71.205,icmp,,10,True,0.25,10,72.14.196.229,8.16
2025-10-13T16:34:58.917401,university,media,cna.com.tw,34.160.71.205,icmp,,10,True,0.25,11,34.160.71.205,8.3
2025-10-13T16:37:05.333736,university,media,thenewslens.com,34.54.142.250,icmp,,10,True,0.2,2,140.123.103.250,2.6
2025-10-13T16:37:05.333736,university,media,thenewslens.com,34.54.142.250,icmp,,10,True,0.2,3,140.123.9.249,2.8
2025-10-13T16:37:05.333736,university,media,thenewslens.com,34.54.142.250,icmp,,10,True,0.2,4,140.123.0.246,3.42
2025-10-13T16:37:05.333736,university,media,thenewslens.com,34.54.142.250,icmp,,10,True,0.2,5,140.130.252.251,3.72
2025-10-13T16:37:05.333736,university,media,thenewslens.com,34.54.142.250,icmp,,10,True,0.2,6,192.192.61.142,5.15
2025-10-13T16:37:05.333736,university,media,thenewslens.com,34.54.142.250,icmp,,10,True,0.2,7,192.192.61.20,7.26
2025-10-13T16:37:05.333736,university,media,thenewslens.com,34.54.142.250,icmp,,10,True,0.2,8,192.192.61.184,7.75
2025-10-13T16:37:05.333736,university,media,thenewslens.com,34.54.142.250,icmp,,10,True,0.2,9,192.192.61.203,10.97
2025-10-13T16:37:05.333736,university,media,thenewslens.com,34.54.142.250,icmp,,10,True,0.2,10,72.14.196.229,9.0
2025-10-13T16:37:05.333736,university,media,thenewslens.com,34.54.142.250,icmp,,10,True,0.2,11,34.54.142.250,8.3
2025-10-13T16:40:21.003687,university,telecom,taiwanmobile.com,124.29.151.21,icmp,,18,False,63.43,2,140.123.103.250,2.16
2025-10-13T16:40:21.003687,university,telecom,taiwanmobile.com,124.29.151.21,icmp,,18,False,63.43,3,140.123.9.249,2.25
2025-10-13T16:40:21.003687,university,telecom,taiwanmobile.com,124.29.151.21,icmp,,18,False,63.43,4,140.123.0.246,3.41
2025-10-13T16:40:21.003687,university,telecom,taiwanmobile.com,124.29.151.21,icmp,,18,False,63.43,5,140.130.252.251,4.47
2025-10-13T16:40:21.003687,university,telecom,taiwanmobile.com,124.29.151.21,icmp,,18,False,63.43,6,61.31.254.69,14.21
2025-10-13T16:40:21.003687,university,telecom,taiwanmobile.com,124.29.151.21,icmp,,18,False,63.43,7,60.199.27.121,7.74
2025-10-13T16:40:21.003687,university,telecom,taiwanmobile.com,124.29.151.21,icmp,,18,False,63.43,8,60.199.82.97,10.89
2025-10-13T16:40:21.003687,university,telecom,taiwanmobile.com,124.29.151.21,icmp,,18,False,63.43,9,60.199.82.5,11.28
2025-10-13T16:40:21.003687,university,telecom,taiwanmobile.com,124.29.151.21,icmp,,18,False,63.43,10,60.199.45.10,11.52
2025-10-13T16:40:21.003687,university,telecom,taiwanmobile.com,124.29.151.21,icmp,,18,False,63.43,11,61.31.51.30,11.35
2025-10-13T16:40:21.003687,university,telecom,taiwanmobile.com,124.29.151.21,icmp,,18,False,63.43,12,124.29.143.113,14.2
2025-10-13T16:40:21.003687,university,telecom,taiwanmobile.com,124.29.151.21,icmp,,18,False,63.43,13,*,
2025-10-13T16:40:21.003687,university,telecom,taiwanmobile.com,124.29.151.21,icmp,,18,False,63.43,14,*,
2025-10-13T16:40:21.003687,university,telecom,taiwanmobile.com,124.29.151.21,icmp,,18,False,63.43,15,*,
2025-10-13T16:40:21.003687,university,telecom,taiwanmobile.com,124.29.151.21,icmp,,18,False,63.43,16,*,
2025-10-13T16:40:21.003687,university,telecom,taiwanmobile.com,124.29.151.21,icmp,,18,False,63.43,17,*,
2025-10-13T16:40:21.003687,university,telecom,taiwanmobile.com,124.29.151.21,icmp,,18,False,63.43,18,*,
2025-10-13T16:40:21.003687,university,telecom,taiwanmobile.com,124.29.151.21,icmp,,18,False,63.43,19,*,
2025-10-13T16:45:51.309940,university,telecom,seednet.net,64.131.64.91,icmp,,19,True,59.48,2,140.123.103.250,2.31
2025-10-13T16:45:51.309940,university,telecom,seednet.net,64.131.64.91,icmp,,19,True,59.48,3,140.123.9.249,2.88
2025-10-13T16:45:51.309940,university,telecom,seednet.net,64.131.64.91,icmp,,19,True,59.48,4,140.123.0.246,3.26
2025-10-13T16:45:51.309940,university,telecom,seednet.net,64.131.64.91,icmp,,19,True,59.48,5,140.130.252.251,3.87
2025-10-13T16:45:51.309940,university,telecom,seednet.net,64.131.64.91,icmp,,19,True,59.48,6,192.192.61.142,5.64
2025-10-13T16:45:51.309940,university,telecom,seednet.net,64.131.64.91,icmp,,19,True,59.48,7,192.192.61.20,7.78
2025-10-13T16:45:51.309940,university,telecom,seednet.net,64.131.64.91,icmp,,19,True,59.48,8,192.192.61.48,8.03
2025-10-13T16:45:51.309940,university,telecom,seednet.net,64.131.64.91,icmp,,19,True,59.48,9,192.192.68.62,7.89
2025-10-13T16:45:51.309940,university,telecom,seednet.net,64.131.64.91,icmp,,19,True,59.48,10,65.49.108.1,8.71
2025-10-13T16:45:51.309940,university,telecom,seednet.net,64.131.64.91,icmp,,19,True,59.48,11,*,
2025-10-13T16:45:51.309940,university,telecom,seednet.net,64.131.64.91,icmp,,19,True,59.48,12,184.104.199.10,46.39
2025-10-13T16:45:51.309940,university,telecom,seednet.net,64.131.64.91,icmp,,19,True,59.48,13,*,
2025-10-13T16:45:51.309940,university,telecom,seednet.net,64.131.64.91,icmp,,19,True,59.48,14,*,
2025-10-13T16:45:51.309940,university,telecom,seednet.net,64.131.64.91,icmp,,19,True,59.48,15,*,
2025-10-13T16:45:51.309940,university,telecom,seednet.net,64.131.64.91,icmp,,19,True,59.48,16,*,
2025-10-13T16:45:51.309940,university,telecom,seednet.net,64.131.64.91,icmp,,19,True,59.48,17,*,
2025-10-13T16:45:51.309940,university,telecom,seednet.net,64.131.64.91,icmp,,19,True,59.48,18,31.31.38.237,193.26
2025-10-13T16:45:51.309940,university,telecom,seednet.net,64.131.64.91,icmp,,19,True,59.48,19,173.208.126.13,194.05
2025-10-13T16:45:51.309940,university,telecom,seednet.net,64.131.64.91,icmp,,19,True,59.48,20,64.131.64.91,197.29
2025-10-13T16:51:08.021972,university,healthcare,chimei.org.tw,60.249.237.180,icmp,,14,False,45.55,2,140.123.103.250,2.61
2025-10-13T16:51:08.021972,university,healthcare,chimei.org.tw,60.249.237.180,icmp,,14,False,45.55,3,140.123.9.249,2.32
2025-10-13T16:51:08.021972,university,healthcare,chimei.org.tw,60.249.237.180,icmp,,14,False,45.55,4,140.123.0.246,3.13
2025-10-13T16:51:08.021972,university,healthcare,chimei.org.tw,60.249.237.180,icmp,,14,False,45.55,5,140.130.252.251,5.24
2025-10-13T16:51:08.021972,university,healthcare,chimei.org.tw,60.249.237.180,icmp,,14,False,45.55,6,211.22.226.198,4.52
2025-10-13T16:51:08.021972,university,healthcare,chimei.org.tw,60.249.237.180,icmp,,14,False,45.55,7,*,
2025-10-13T16:51:08.021972,university,healthcare,chimei.org.tw,60.249.237.180,icmp,,14,False,45.55,8,220.128.27.101,6.45
2025-10-13T16:51:08.021972,university,healthcare,chimei.org.tw,60.249.237.180,icmp,,14,False,45.55,9,168.95.229.189,6.42
2025-10-13T16:51:08.021972,university,healthcare,chimei.org.tw,60.249.237.180,icmp,,14,False,45.55,10,*,
2025-10-13T16:51:08.021972,university,healthcare,chimei.org.tw,60.249.237.180,icmp,,14,False,45.55,11,*,
2025-10-13T16:51:08.021972,university,healthcare,chimei.org.tw,60.249.237.180,icmp,,14,False,45.55,12,*,
2025-10-13T16:51:08.021972,university,healthcare,chimei.org.tw,60.249.237.180,icmp,,14,False,45.55,13,211.22.242.169,11.08
2025-10-13T16:51:08.021972,university,healthcare,chimei.org.tw,60.249.237.180,icmp,,14,False,45.55,14,*,
2025-10-13T16:51:08.021972,university,healthcare,chimei.org.tw,60.249.237.180,icmp,,14,False,45.55,15,211.22.242.169,118.07
2025-10-13T16:51:33.895494,university,cdn_global,google.com.tw,142.250.204.35,icmp,,12,True,0.25,2,140.123.103.250,2.87
2025-10-13T16:51:33.895494,university,cdn_global,google.com.tw,142.250.204.35,icmp,,12,True,0.25,3,140.123.9.249,2.75
2025-10-13T16:51:33.895494,university,cdn_global,google.com.tw,142.250.204.35,icmp,,12,True,0.25,4,140.123.0.246,3.15
2025-10-13T16:51:33.895494,university,cdn_global,google.com.tw,142.250.204.35,icmp,,12,True,0.25,5,140.130.252.251,3.93
2025-10-13T16:51:33.895494,university,cdn_global,google.com.tw,142.250.204.35,icmp,,12,True,0.25,6,192.192.61.142,5.59
2025-10-13T16:51:33.895494,university,cdn_global,google.com.tw,142.250.204.35,icmp,,12,True,0.25,7,192.192.61.20,7.11
2025-10-13T16:51:33.895494,university,cdn_global,google.com.tw,142.250.204.35,icmp,,12,True,0.25,8,192.192.61.184,8.09
2025-10-13T16:51:33.895494,university,cdn_global,google.com.tw,142.250.204.35,icmp,,12,True,0.25,9,192.192.61.203,7.72
2025-10-13T16:51:33.895494,university,cdn_global,google.com.tw,142.250.204.35,icmp,,12,True,0.25,10,72.14.196.229,8.52
2025-10-13T16:51:33.895494,university,cdn_global,google.com.tw,142.250.204.35,icmp,,12,True,0.25,11,172.253.64.127,9.09
2025-10-13T16:51:33.895494,university,cdn_global,google.com.tw,142.250.204.35,icmp,,12,True,0.25,12,142.251.226.169,8.5
2025-10-13T16:51:33.895494,university,cdn_global,google.com.tw,142.250.204.35,icmp,,12,True,0.25,13,142.250.204.35,8.0
2025-10-13T16:51:37.259774,university,cdn_global,facebook.com,31.13.87.36,icmp,,14,True,0.28,2,140.123.103.250,2.48
2025-10-13T16:51:37.259774,university,cdn_global,facebook.com,31.13.87.36,icmp,,14,True,0.28,3,140.123.9.249,2.59
2025-10-13T16:51:37.259774,university,cdn_global,facebook.com,31.13.87.36,icmp,,14,True,0.28,4,140.123.0.246,3.32
2025-10-13T16:51:37.259774,university,cdn_global,facebook.com,31.13.87.36,icmp,,14,True,0.28,5,140.130.252.251,3.99
2025-10-13T16:51:37.259774,university,cdn_global,facebook.com,31.13.87.36,icmp,,14,True,0.28,6,192.192.61.142,5.93
2025-10-13T16:51:37.259774,university,cdn_global,facebook.com,31.13.87.36,icmp,,14,True,0.28,7,192.192.61.9,6.02
2025-10-13T16:51:37.259774,university,cdn_global,facebook.com,31.13.87.36,icmp,,14,True,0.28,8,192.192.61.30,6.5
2025-10-13T16:51:37.259774,university,cdn_global,facebook.com,31.13.87.36,icmp,,14,True,0.28,9,192.192.61.4,8.13
2025-10-13T16:51:37.259774,university,cdn_global,facebook.com,31.13.87.36,icmp,,14,True,0.28,10,192.192.61.209,6.43
2025-10-13T16:51:37.259774,university,cdn_global,facebook.com,31.13.87.36,icmp,,14,True,0.28,11,211.73.84.16,7.87
2025-10-13T16:51:37.259774,university,cdn_global,facebook.com,31.13.87.36,icmp,,14,True,0.28,12,129.134.55.108,7.72
2025-10-13T16:51:37.259774,university,cdn_global,facebook.com,31.13.87.36,icmp,,14,True,0.28,13,173.252.64.180,7.87
2025-10-13T16:51:37.259774,university,cdn_global,facebook.com,31.13.87.36,icmp,,14,True,0.28,14,129.134.59.220,9.95
2025-10-13T16:51:37.259774,university,cdn_global,facebook.com,31.13.87.36,icmp,,14,True,0.28,15,31.13.87.36,7.57
2025-10-13T16:51:40.877725,university,cdn_global,youtube.com,142.250.196.206,icmp,,12,True,0.55,2,140.123.103.250,2.39
2025-10-13T16:51:40.877725,university,cdn_global,youtube.com,142.250.196.206,icmp,,12,True,0.55,3,140.123.9.249,2.53
2025-10-13T16:51:40.877725,university,cdn_global,youtube.com,142.250.196.206,icmp,,12,True,0.55,4,140.123.0.246,3.31
2025-10-13T16:51:40.877725,university,cdn_global,youtube.com,142.250.196.206,icmp,,12,True,0.55,5,140.130.252.251,3.59
2025-10-13T16:51:40.877725,university,cdn_global,youtube.com,142.250.196.206,icmp,,12,True,0.55,6,192.192.61.142,5.49
2025-10-13T16:51:40.877725,university,cdn_global,youtube.com,142.250.196.206,icmp,,12,True,0.55,7,192.192.61.20,7.5
2025-10-13T16:51:40.877725,university,cdn_global,youtube.com,142.250.196.206,icmp,,12,True,0.55,8,192.192.61.184,9.18
2025-10-13T16:51:40.877725,university,cdn_global,youtube.com,142.250.196.206,icmp,,12,True,0.55,9,192.192.61.203,8.59
2025-10-13T16:51:40.877725,university,cdn_global,youtube.com,142.250.196.206,icmp,,12,True,0.55,10,72.14.196.229,8.68
2025-10-13T16:51:40.877725,university,cdn_global,youtube.com,142.250.196.206,icmp,,12,True,0.55,11,172.253.50.121,8.65
2025-10-13T16:51:40.877725,university,cdn_global,youtube.com,142.250.196.206,icmp,,12,True,0.55,12,142.251.77.87,8.73
2025-10-13T16:51:40.877725,university,cdn_global,youtube.com,142.250.196.206,icmp,,12,True,0.55,13,142.250.196.206,108.58
2025-10-13T16:54:41.327842,university,cdn_global,yahoo.com.tw,76.223.84.192,icmp,,15,True,54.22,2,140.123.103.250,2.66
2025-10-13T16:54:41.327842,university,cdn_global,yahoo.com.tw,76.223.84.192,icmp,,15,True,54.22,3,140.123.9.249,2.8
2025-10-13T16:54:41.327842,university,cdn_global,yahoo.com.tw,76.223.84.192,icmp,,15,True,54.22,4,140.123.0.246,3.51
2025-10-13T16:54:41.327842,university,cdn_global,yahoo.com.tw,76.223.84.192,icmp,,15,True,54.22,5,140.130.252.251,3.94
2025-10-13T16:54:41.327842,university,cdn_global,yahoo.com.tw,76.223.84.192,icmp,,15,True,54.22,6,192.192.61.142,5.58
2025-10-13T16:54:41.327842,university,cdn_global,yahoo.com.tw,76.223.84.192,icmp,,15,True,54.22,7,192.192.61.20,7.79
2025-10-13T16:54:41.327842,university,cdn_global,yahoo.com.tw,76.223.84.192,icmp,,15,True,54.22,8,192.192.61.48,8.19
2025-10-13T16:54:41.327842,university,cdn_global,yahoo.com.tw,76.223.84.192,icmp,,15,True,54.22,9,192.192.68.62,7.9
2025-10-13T16:54:41.327842,university,cdn_global,yahoo.com.tw,76.223.84.192,icmp,,15,True,54.22,10,*,
2025-10-13T16:54:41.327842,university,cdn_global,yahoo.com.tw,76.223.84.192,icmp,,15,True,54.22,11,*,
2025-10-13T16:54:41.327842,university,cdn_global,yahoo.com.tw,76.223.84.192,icmp,,15,True,54.22,12,*,
2025-10-13T16:54:41.327842,university,cdn_global,yahoo.com.tw,76.223.84.192,icmp,,15,True,54.22,13,*,
2025-10-13T16:54:41.327842,university,cdn_global,yahoo.com.tw,76.223.84.192,icmp,,15,True,54.22,14,*,
2025-10-13T16:54:41.327842,university,cdn_global,yahoo.com.tw,76.223.84.192,icmp,,15,True,54.22,15,*,
2025-10-13T16:54:41.327842,university,cdn_global,yahoo.com.tw,76.223.84.192,icmp,,15,True,54.22,16,76.223.84.192,9.67
2025-10-13T16:56:47.688837,university,cdn_global,apple.com,17.253.144.10,icmp,,11,True,0.22,2,140.123.103.250,2.35
2025-10-13T16:56:47.688837,university,cdn_global,apple.com,17.253.144.10,icmp,,11,True,0.22,3,140.123.9.249,2.25
2025-10-13T16:56:47.688837,university,cdn_global,apple.com,17.253.144.10,icmp,,11,True,0.22,4,140.123.0.246,3.07
2025-10-13T16:56:47.688837,university,cdn_global,apple.com,17.253.144.10,icmp,,11,True,0.22,5,140.130.252.251,4.02
2025-10-13T16:56:47.688837,university,cdn_global,apple.com,17.253.144.10,icmp,,11,True,0.22,6,192.192.61.142,5.65
2025-10-13T16:56:47.688837,university,cdn_global,apple.com,17.253.144.10,icmp,,11,True,0.22,7,192.192.61.20,7.37
2025-10-13T16:56:47.688837,university,cdn_global,apple.com,17.253.144.10,icmp,,11,True,0.22,8,192.192.61.48,7.84
2025-10-13T16:56:47.688837,university,cdn_global,apple.com,17.253.144.10,icmp,,11,True,0.22,9,192.192.68.62,7.68
2025-10-13T16:56:47.688837,university,cdn_global,apple.com,17.253.144.10,icmp,,11,True,0.22,10,192.192.68.28,10.12
2025-10-13T16:56:47.688837,university,cdn_global,apple.com,17.253.144.10,icmp,,11,True,0.22,11,17.1.121.16,7.78
2025-10-13T16:56:47.688837,university,cdn_global,apple.com,17.253.144.10,icmp,,11,True,0.22,12,17.253.144.10,8.08
2025-10-13T16:56:50.935694,university,cdn_global,cloudflare.com,104.16.133.229,icmp,,10,True,0.18,2,140.123.103.250,2.14
2025-10-13T16:56:50.935694,university,cdn_global,cloudflare.com,104.16.133.229,icmp,,10,True,0.18,3,140.123.9.249,2.18
2025-10-13T16:56:50.935694,university,cdn_global,cloudflare.com,104.16.133.229,icmp,,10,True,0.18,4,140.123.0.246,2.96
2025-10-13T16:56:50.935694,university,cdn_global,cloudflare.com,104.16.133.229,icmp,,10,True,0.18,5,140.130.252.251,3.84
2025-10-13T16:56:50.935694,university,cdn_global,cloudflare.com,104.16.133.229,icmp,,10,True,0.18,6,192.192.61.142,5.29
2025-10-13T16:56:50.935694,university,cdn_global,cloudflare.com,104.16.133.229,icmp,,10,True,0.18,7,192.192.61.20,7.09
2025-10-13T16:56:50.935694,university,cdn_global,cloudflare.com,104.16.133.229,icmp,,10,True,0.18,8,192.192.61.48,7.61
2025-10-13T16:56:50.935694,university,cdn_global,cloudflare.com,104.16.133.229,icmp,,10,True,0.18,9,192.192.68.62,7.94
2025-10-13T16:56:50.935694,university,cdn_global,cloudflare.com,104.16.133.229,icmp,,10,True,0.18,10,203.163.222.39,8.34
2025-10-13T16:56:50.935694,university,cdn_global,cloudflare.com,104.16.133.229,icmp,,10,True,0.18,11,104.16.133.229,8.15
2025-10-13T16:57:03.162334,university,dns_resolvers,168.95.1.1,168.95.1.1,icmp,,10,True,9.17,2,140.123.103.250,2.27
2025-10-13T16:57:03.162334,university,dns_resolvers,168.95.1.1,168.95.1.1,icmp,,10,True,9.17,3,140.123.9.249,2.22
2025-10-13T16:57:03.162334,university,dns_resolvers,168.95.1.1,168.95.1.1,icmp,,10,True,9.17,4,140.123.0.246,3.35
2025-10-13T16:57:03.162334,university,dns_resolvers,168.95.1.1,168.95.1.1,icmp,,10,True,9.17,5,140.130.252.251,3.36
2025-10-13T16:57:03.162334,university,dns_resolvers,168.95.1.1,168.95.1.1,icmp,,10,True,9.17,6,211.22.226.198,3.69
2025-10-13T16:57:03.162334,university,dns_resolvers,168.95.1.1,168.95.1.1,icmp,,10,True,9.17,7,*,
2025-10-13T16:57:03.162334,university,dns_resolvers,168.95.1.1,168.95.1.1,icmp,,10,True,9.17,8,220.128.25.249,6.75
2025-10-13T16:57:03.162334,university,dns_resolvers,168.95.1.1,168.95.1.1,icmp,,10,True,9.17,9,203.74.40.249,5.4
2025-10-13T16:57:03.162334,university,dns_resolvers,168.95.1.1,168.95.1.1,icmp,,10,True,9.17,10,61.220.0.246,8.99
2025-10-13T16:57:03.162334,university,dns_resolvers,168.95.1.1,168.95.1.1,icmp,,10,True,9.17,11,168.95.1.1,8.16
2025-10-13T16:57:15.354236,university,dns_resolvers,168.95.192.1,168.95.192.1,icmp,,10,True,9.15,2,140.123.103.250,2.31
2025-10-13T16:57:15.354236,university,dns_resolvers,168.95.192.1,168.95.192.1,icmp,,10,True,9.15,3,140.123.9.249,2.37
2025-10-13T16:57:15.354236,university,dns_resolvers,168.95.192.1,168.95.192.1,icmp,,10,True,9.15,4,140.123.0.246,3.13
2025-10-13T16:57:15.354236,university,dns_resolvers,168.95.192.1,168.95.192.1,icmp,,10,True,9.15,5,140.130.252.251,4.15
2025-10-13T16:57:15.354236,university,dns_resolvers,168.95.192.1,168.95.192.1,icmp,,10,True,9.15,6,211.22.226.198,4.21
2025-10-13T16:57:15.354236,university,dns_resolvers,168.95.192.1,168.95.192.1,icmp,,10,True,9.15,7,*,
2025-10-13T16:57:15.354236,university,dns_resolvers,168.95.192.1,168.95.192.1,icmp,,10,True,9.15,8,220.128.25.241,7.5
2025-10-13T16:57:15.354236,university,dns_resolvers,168.95.192.1,168.95.192.1,icmp,,10,True,9.15,9,203.74.41.245,5.08
2025-10-13T16:57:15.354236,university,dns_resolvers,168.95.192.1,168.95.192.1,icmp,,10,True,9.15,10,61.220.2.246,5.75
2025-10-13T16:57:15.354236,university,dns_resolvers,168.95.192.1,168.95.192.1,icmp,,10,True,9.15,11,168.95.192.1,5.38
2025-10-13T17:01:24.781876,university,dns_resolvers,203.133.1.8,203.133.1.8,icmp,,12,True,0.26,2,140.123.103.250,2.24
2025-10-13T17:01:24.781876,university,dns_resolvers,203.133.1.8,203.133.1.8,icmp,,12,True,0.26,3,140.123.9.249,2.85
2025-10-13T17:01:24.781876,university,dns_resolvers,203.133.1.8,203.133.1.8,icmp,,12,True,0.26,4,140.123.0.246,5.29
2025-10-13T17:01:24.781876,university,dns_resolvers,203.133.1.8,203.133.1.8,icmp,,12,True,0.26,5,140.130.252.251,3.49
2025-10-13T17:01:24.781876,university,dns_resolvers,203.133.1.8,203.133.1.8,icmp,,12,True,0.26,6,140.123.231.108,5.03
2025-10-13T17:01:24.781876,university,dns_resolvers,203.133.1.8,203.133.1.8,icmp,,12,True,0.26,7,203.187.6.106,3.97
2025-10-13T17:01:24.781876,university,dns_resolvers,203.133.1.8,203.133.1.8,icmp,,12,True,0.26,8,203.187.26.93,4.24
2025-10-13T17:01:24.781876,university,dns_resolvers,203.133.1.8,203.133.1.8,icmp,,12,True,0.26,9,203.187.26.89,5.27
2025-10-13T17:01:24.781876,university,dns_resolvers,203.133.1.8,203.133.1.8,icmp,,12,True,0.26,10,203.187.26.85,5.0
2025-10-13T17:01:24.781876,university,dns_resolvers,203.133.1.8,203.133.1.8,icmp,,12,True,0.26,11,203.187.6.173,7.11
2025-10-13T17:01:24.781876,university,dns_resolvers,203.133.1.8,203.133.1.8,icmp,,12,True,0.26,12,203.187.6.53,26.34
2025-10-13T17:01:24.781876,university,dns_resolvers,203.133.1.8,203.133.1.8,icmp,,12,True,0.26,13,203.133.1.8,7.55
2025-10-13T17:01:31.006310,university,dns_resolvers,210.241.0.4,210.241.0.4,icmp,,10,False,3.17,2,140.123.103.250,2.52
2025-10-13T17:01:31.006310,university,dns_resolvers,210.241.0.4,210.241.0.4,icmp,,10,False,3.17,3,140.123.9.249,2.18
2025-10-13T17:01:31.006310,university,dns_resolvers,210.241.0.4,210.241.0.4,icmp,,10,False,3.17,4,140.123.0.246,2.86
2025-10-13T17:01:31.006310,university,dns_resolvers,210.241.0.4,210.241.0.4,icmp,,10,False,3.17,5,140.130.252.251,3.74
2025-10-13T17:01:31.006310,university,dns_resolvers,210.241.0.4,210.241.0.4,icmp,,10,False,3.17,6,192.192.61.142,5.2
2025-10-13T17:01:31.006310,university,dns_resolvers,210.241.0.4,210.241.0.4,icmp,,10,False,3.17,7,192.192.61.9,5.17
2025-10-13T17:01:31.006310,university,dns_resolvers,210.241.0.4,210.241.0.4,icmp,,10,False,3.17,8,192.192.61.30,5.99
2025-10-13T17:01:31.006310,university,dns_resolvers,210.241.0.4,210.241.0.4,icmp,,10,False,3.17,9,192.192.61.4,9.58
2025-10-13T17:01:31.006310,university,dns_resolvers,210.241.0.4,210.241.0.4,icmp,,10,False,3.17,10,192.192.61.209,6.21
2025-10-13T17:01:31.006310,university,dns_resolvers,210.241.0.4,210.241.0.4,icmp,,10,False,3.17,11,10.96.81.12,8.01
